{
    "variants": {
        "facing=north,lit=false": { "model": "pattysmorestuff:block/emerald_furnace" },
        "facing=south,lit=false": { "model": "pattysmorestuff:block/emerald_furnace", "y": 180 },
        "facing=west,lit=false":  { "model": "pattysmorestuff:block/emerald_furnace", "y": 270 },
        "facing=east,lit=false":  { "model": "pattysmorestuff:block/emerald_furnace", "y": 90 },
        "facing=north,lit=true": { "model": "pattysmorestuff:block/emerald_furnace_active" },
        "facing=south,lit=true": { "model": "pattysmorestuff:block/emerald_furnace_active", "y": 180 },
        "facing=west,lit=true":  { "model": "pattysmorestuff:block/emerald_furnace_active", "y": 270 },
        "facing=east,lit=true":  { "model": "pattysmorestuff:block/emerald_furnace_active", "y": 90 }
    }
}
