{
	"variants": {
		"facing=north,lit=false": { "model": "pattysmorestuff:block/emerald_crusher" },
		"facing=north,lit=true": { "model": "pattysmorestuff:block/emerald_crusher_active" },
		"facing=south,lit=false": { "model": "pattysmorestuff:block/emerald_crusher", "y": 180 },
		"facing=south,lit=true": { "model": "pattysmorestuff:block/emerald_crusher_active", "y": 180 },
		"facing=east,lit=false": { "model": "pattysmorestuff:block/emerald_crusher", "y": 90 },
		"facing=east,lit=true": { "model": "pattysmorestuff:block/emerald_crusher_active", "y": 90 },
		"facing=west,lit=false": { "model": "pattysmorestuff:block/emerald_crusher", "y": 270 },
		"facing=west,lit=true": { "model": "pattysmorestuff:block/emerald_crusher_active", "y": 270 }
	}
}